Model,S1,S2,S3
GPT-Neo,0.13533368654951602,0.15998455564773068,0.5368011101692512
Llama-70B,0.09984611714844592,0.14660428716974047,0.34657359027997264
Llama-7B,0.1195107457336678,0.16612404044953982,0.3810700260234484
Mistral-7B,0.12814439758597168,0.17284960278674064,0.3913796696248162
